id,squid_species,length_type,beak_div,item_length,standard_length,total_length,mantle_length,,,,,,,,
061615_024,Pterygioteuthis,URL,26,0.409448819,,,19.16582677,,,,,,,,
CAPEXII_040,Pterygioteuthis,URL,24,0.377952756,,,18.25307087,,,,,,,,
CAPEXII_040,Pterygioteuthis,URL,23,0.362204725,,,17.79669292,,,,,,,,
CAPEXII_040,Pterygioteuthis,URL,25,0.393700788,,,18.70944882,,,,,,,,
CAPEXII_040,Pterygioteuthis,URL,31,0.488188977,,,21.44771654,,,,,,,,
CAPEXII_040,Pterygioteuthis,URL,29,0.456692914,,,20.53496063,,,,,,,,
CAPEXII_040,Pterygioteuthis,URL,25,0.393700788,,,18.70944882,,,,,,,,
CAPEXII_040,Pterygioteuthis,URL,26,0.409448819,,,19.16582677,,,,,,,,
CAPEXII_040,Pterygioteuthis,URL,31,0.488188977,,,21.44771654,,,,,,,,
CAPEXII_040,Pterygioteuthis,URL,23,0.362204725,,,17.79669292,,,,,,,,
CAPEXII_040,Pterygioteuthis,URL,27,0.425196851,,,19.62220473,,,,,,,,
CAPEXII_040,Pterygioteuthis,URL,25,0.393700788,,,18.70944882,,,,,,,,
CAPEXII_040,Pterygioteuthis,URL,18,0.283464567,,,15.51480315,,,,,,,,
CAPEXII_040,Pterygioteuthis,URL,21,0.330708662,,,16.88393701,,,,,,,,
CAPEXII_040,Pterygioteuthis,URL,21,0.330708662,,,16.88393701,,,,,,,,
CAPEXII_040,Pterygioteuthis,URL,26,0.409448819,,,19.16582677,,,,,,,,
CAPEXII_040,Pterygioteuthis,URL,22,0.346456693,,,17.34031496,,,,,,,,
CAPEXII_081,Pterygioteuthis,URL,27,0.425196851,,,19.62220473,,,,,,,,
CAPEXII_081,Pterygioteuthis,URL,29,0.456692914,,,20.53496063,,,,,,,,
CAPEXII_081,Pterygioteuthis,URL,24,0.377952756,,,18.25307087,,,,,,,,
CAPEXII_081,Pterygioteuthis,URL,28,0.440944882,,,20.07858268,,,,,,,,
CAPEXII_081,Pterygioteuthis,URL,31,0.488188977,,,21.44771654,,,,,,,,
CAPEXII_081,Pterygioteuthis,URL,27,0.425196851,,,19.62220473,,,,,,,,
CAPEXII_081,Pterygioteuthis,URL,27,0.425196851,,,19.62220473,,,,,,,,
CAPEXII_081,Pterygioteuthis,URL,29,0.456692914,,,20.53496063,,,,,,,,
CAPEXII_081,Pterygioteuthis,URL,28,0.440944882,,,20.07858268,,,,,,,,
CAPEXII_081,Pterygioteuthis,URL,29,0.456692914,,,20.53496063,,,,,,,,
CAPEXII_081,Pterygioteuthis,URL,30,0.472440945,,,20.99133859,,,,,,,,
061615_002,Pterygioteuthis,URL,23,0.362204725,,,17.79669292,,,,,,,,
17E98_009,Pterygioteuthis,LRL,36,0.566929134,,,24.99937008,,,,,,,,
17E98_009,Pterygioteuthis,LRL,37,0.582677166,,,25.52157481,,,,,,,,
17E98_016,Pterygioteuthis,URL,35,0.551181103,,,23.27322835,,,,,,,,
17E98_016,Pterygioteuthis,URL,26,0.409448819,,,19.16582677,,,,,,,,
17E98_021,Pterygioteuthis,URL,26,0.409448819,,,19.16582677,,,,,,,,
CAPEXII_053,Pterygioteuthis,URL,16,0.251968504,,,14.60204725,,,,,,,,
CAPEXII_053,Pterygioteuthis,LRL,31,0.488188977,,,22.38834646,,,,,,,,
CAPEXII_084,Pterygioteuthis,URL,23,0.362204725,,,17.79669292,,,,,,,,
CAPEXII_084,Pterygioteuthis,URL,18,0.283464567,,,15.51480315,,,,,,,,
CAPEXI_085,Pterygioteuthis,LRL,28,0.440944882,,,20.82173229,,,,,,,,
CAPEXI_097,Pterygioteuthis,LRL,50,0.787401575,,,32.31023623,,,,,,,,
CAPEXI_070,Pterygioteuthis,URL,45,0.708661418,,,27.83700788,,,,,,,,
CAPEXI_027,Pterygioteuthis,LRL,25,0.393700788,,,19.25511811,,,,,,,,
CAPEXI_003,Pterygioteuthis,LRL,30,0.472440945,,,21.86614174,,,,,,,,
CAPEXI_106,Pterygioteuthis,URL,53,0.83464567,,,31.4880315,,,,,,,,
CAPEXI_187,Pterygioteuthis,URL,12,0.188976378,,,12.77653543,,,,,,,,
CAPEXII_079,Pterygioteuthis,LRL,30,0.472440945,,,21.86614174,,,,,,,,
061615_001,Pterygioteuthis,URL,12,0.188976378,,,12.77653543,,,,,,,,
061615_009,Pterygioteuthis,URL,31,0.488188977,,,21.44771654,,,,,,,,
061615_027,Pterygioteuthis,URL,27,0.425196851,,,19.62220473,,,,,,,,
CAPEXI_187,Pterygioteuthis,URL,11,0.173228347,,,12.32015748,,,,,,,,
CAPEXI_202,Pterygioteuthis,URL,11,0.173228347,,,12.32015748,,,,,,,,
17E98_021,Pterygioteuthis,URL,20,0.31496063,,,16.42755906,,,,,,,,
17E98_021,Pterygioteuthis,LRL,35,0.551181103,,,24.47716536,,,,,,,,
CAPEXII_090,Pterygioteuthis,URL,29,0.456692914,,,20.53496063,,,,,,,,
CAPEXII_090,Pterygioteuthis,URL,32,0.503937008,,,21.90409449,,,,,,,,
150086,Benthosema,R,46,1.4375,26.8436,32.6266875,,,,,,,,,
150093,Benthosema,R,65,2.03125,38.0862,47.47720625,,,,,,,,,
150093,Benthosema,R,65,2.03125,38.0862,47.47720625,,,,,,,,,
150093,Benthosema,R,59,1.84375,34.5359,42.78756875,,,,,,,,,
150093,Benthosema,R,56,1.75,32.7608,40.44275,,,,,,,,,
150093,Benthosema,R,62,1.9375,36.3111,45.1323875,,,,,,,,,
150093,Benthosema,R,62,1.9375,36.3111,45.1323875,,,,,,,,,
150093,Benthosema,R,55,1.71875,32.169,39.66114375,,,,,,,,,
150093,Benthosema,R,56,1.75,32.7608,40.44275,,,,,,,,,
150093,Benthosema,R,57,1.78125,33.3525,41.22435625,,,,,,,,,
150093,Benthosema,R,60,1.875,35.1276,43.569175,,,,,,,,,
150093,Benthosema,R,60,1.875,35.1276,43.569175,,,,,,,,,
150093,Benthosema,R,63,1.96875,36.9028,45.91399375,,,,,,,,,
150093,Benthosema,R,57,1.78125,33.3525,41.22435625,,,,,,,,,
150093,Benthosema,R,62,1.9375,36.3111,45.1323875,,,,,,,,,
150093,Benthosema,R,60,1.875,35.1276,43.569175,,,,,,,,,
150093,Benthosema,R,63,1.96875,36.9028,45.91399375,,,,,,,,,
150093,Benthosema,R,55,1.71875,32.169,39.66114375,,,,,,,,,
150097,Benthosema,L,59,1.84375,34.5359,42.78756875,,,,,,,,,
151053,Benthosema,L,65,2.03125,38.0862,47.47720625,,,,,,,,,
151054,Benthosema,R,60,1.875,35.1276,43.569175,,,,,,,,,
151055,Benthosema,R,62,1.9375,36.3111,45.1323875,,,,,,,,,
151055,Benthosema,R,60,1.875,35.1276,43.569175,,,,,,,,,
151055,Benthosema,R,57,1.78125,33.3525,41.22435625,,,,,,,,,
151055,Benthosema,R,62,1.9375,36.3111,45.1323875,,,,,,,,,
151055,Benthosema,R,60,1.875,35.1276,43.569175,,,,,,,,,
151055,Benthosema,R,69,2.15625,40.4531,50.60363125,,,,,,,,,
151055,Benthosema,R,61,1.90625,35.7193,44.35078125,,,,,,,,,
151055,Benthosema,R,65,2.03125,38.0862,47.47720625,,,,,,,,,
151056,Benthosema,R,65,2.03125,38.0862,47.47720625,,,,,,,,,
151057,Benthosema,L,57,1.78125,33.3525,41.22435625,,,,,,,,,
151057,Benthosema,L,57,1.78125,33.3525,41.22435625,,,,,,,,,
151057,Benthosema,L,61,1.90625,35.7193,44.35078125,,,,,,,,,
151057,Benthosema,L,57,1.78125,33.3525,41.22435625,,,,,,,,,
151057,Benthosema,L,62,1.9375,36.3111,45.1323875,,,,,,,,,
151057,Benthosema,L,56,1.75,32.7608,40.44275,,,,,,,,,
151057,Benthosema,L,57,1.78125,33.3525,41.22435625,,,,,,,,,
151057,Benthosema,L,67,2.09375,39.2697,49.04041875,,,,,,,,,
151057,Benthosema,L,60,1.875,35.1276,43.569175,,,,,,,,,
151057,Benthosema,L,55,1.71875,32.169,39.66114375,,,,,,,,,
151057,Benthosema,L,56,1.75,32.7608,40.44275,,,,,,,,,
151057,Benthosema,L,63,1.96875,36.9028,45.91399375,,,,,,,,,
151057,Benthosema,L,62,1.9375,36.3111,45.1323875,,,,,,,,,
151057,Benthosema,L,61,1.90625,35.7193,44.35078125,,,,,,,,,
151057,Benthosema,L,56,1.75,32.7608,40.44275,,,,,,,,,
151058,Benthosema,L,70,2.1875,41.0448,51.3852375,,,,,,,,,
151058,Benthosema,L,70,2.1875,41.0448,51.3852375,,,,,,,,,
151058,Benthosema,L,65,2.03125,38.0862,47.47720625,,,,,,,,,
151059,Benthosema,L,64,2,37.4945,46.6956,,,,,,,,,
151059,Benthosema,L,62,1.9375,36.3111,45.1323875,,,,,,,,,
151059,Benthosema,L,61,1.90625,35.7193,44.35078125,,,,,,,,,
151060,Benthosema,L,68,2.125,39.8614,49.822025,,,,,,,,,
151060,Benthosema,L,63,1.96875,36.9028,45.91399375,,,,,,,,,
151060,Benthosema,L,65,2.03125,38.0862,47.47720625,,,,,,,,,
151061,Benthosema,R,63,1.96875,36.9028,45.91399375,,,,,,,,,
151061,Benthosema,R,59,1.84375,34.5359,42.78756875,,,,,,,,,
151061,Benthosema,R,53,1.65625,30.9856,38.09793125,,,,,,,,,
151061,Benthosema,R,69,2.15625,40.4531,50.60363125,,,,,,,,,
151061,Benthosema,R,54,1.6875,31.5773,38.8795375,,,,,,,,,
151061,Benthosema,R,63,1.96875,36.9028,45.91399375,,,,,,,,,
151061,Benthosema,R,70,2.1875,41.0448,51.3852375,,,,,,,,,
151061,Benthosema,R,60,1.875,35.1276,43.569175,,,,,,,,,
151061,Benthosema,R,68,2.125,39.8614,49.822025,,,,,,,,,
151061,Benthosema,R,69,2.15625,40.4531,50.60363125,,,,,,,,,
151061,Benthosema,R,67,2.09375,39.2697,49.04041875,,,,,,,,,
151061,Benthosema,R,69,2.15625,40.4531,50.60363125,,,,,,,,,
151061,Benthosema,R,56,1.75,32.7608,40.44275,,,,,,,,,
151061,Benthosema,R,67,2.09375,39.2697,49.04041875,,,,,,,,,
151061,Benthosema,R,60,1.875,35.1276,43.569175,,,,,,,,,
151061,Benthosema,R,67,2.09375,39.2697,49.04041875,,,,,,,,,
151061,Benthosema,R,66,2.0625,38.6779,48.2588125,,,,,,,,,
151061,Benthosema,R,58,1.8125,33.9442,42.0059625,,,,,,,,,
151061,Triphotorus,R,43,1.34375,52.4384,68.03231875,,,,,,,,,
061615_001,Benthosema,L,55,1.71875,32.169,39.66114375,,,,,,,,,
061615_001,Benthosema,L,61,1.90625,35.7193,44.35078125,,,,,,,,,
061615_002,Benthosema,R,56,1.75,32.7608,40.44275,,,,,,,,,
061615_002,Benthosema,R,57,1.78125,33.3525,41.22435625,,,,,,,,,
061615_002,Benthosema,R,65,2.03125,38.0862,47.47720625,,,,,,,,,
061615_003,Benthosema,R,65,2.03125,38.0862,47.47720625,,,,,,,,,
061615_003,Benthosema,R,61,1.90625,35.7193,44.35078125,,,,,,,,,
061615_003,Benthosema,R,59,1.84375,34.5359,42.78756875,,,,,,,,,
061615_003,Benthosema,R,60,1.875,35.1276,43.569175,,,,,,,,,
061615_003,Benthosema,R,59,1.84375,34.5359,42.78756875,,,,,,,,,
061615_003,Benthosema,R,60,1.875,35.1276,43.569175,,,,,,,,,
061615_003,Benthosema,R,38,1.1875,22.1098,26.3738375,,,,,,,,,
061615_004,Benthosema,R,54,1.6875,31.5773,38.8795375,,,,,,,,,
061615_004,Benthosema,R,57,1.78125,33.3525,41.22435625,,,,,,,,,
061615_004,Benthosema,R,60,1.875,35.1276,43.569175,,,,,,,,,
061615_004,Benthosema,R,56,1.75,32.7608,40.44275,,,,,,,,,
061615_004,Benthosema,R,62,1.9375,36.3111,45.1323875,,,,,,,,,
061615_004,Benthosema,R,65,2.03125,38.0862,47.47720625,,,,,,,,,
061615_005,Benthosema,R,67,2.09375,39.2697,49.04041875,,,,,,,,,
061615_005,Benthosema,R,60,1.875,35.1276,43.569175,,,,,,,,,
061615_006,Benthosema,R,60,1.875,35.1276,43.569175,,,,,,,,,
061615_006,Benthosema,R,57,1.78125,33.3525,41.22435625,,,,,,,,,
061615_007,Benthosema,L,67,2.09375,39.2697,49.04041875,,,,,,,,,
061615_007,Benthosema,L,67,2.09375,39.2697,49.04041875,,,,,,,,,
061615_007,Benthosema,L,57,1.78125,33.3525,41.22435625,,,,,,,,,
061615_007,Benthosema,L,57,1.78125,33.3525,41.22435625,,,,,,,,,
061615_007,Benthosema,L,56,1.75,32.7608,40.44275,,,,,,,,,
061615_008,Benthosema,L,61,1.90625,35.7193,44.35078125,,,,,,,,,
061615_008,Benthosema,L,54,1.6875,31.5773,38.8795375,,,,,,,,,
061615_008,Benthosema,L,61,1.90625,35.7193,44.35078125,,,,,,,,,
061615_008,Benthosema,L,60,1.875,35.1276,43.569175,,,,,,,,,
061615_008,Benthosema ,L,66,2.0625,38.6779,48.2588125,,,,,,,,,
061615_009,Benthosema,L,60,1.875,35.1276,43.569175,,,,,,,,,
061615_009,Benthosema,L,63,1.96875,36.9028,45.91399375,,,,,,,,,
061615_009,Benthosema,L,56,1.75,32.7608,40.44275,,,,,,,,,
061615_009,Benthosema,L,60,1.875,35.1276,43.569175,,,,,,,,,
061615_009,Benthosema,L,59,1.84375,34.5359,42.78756875,,,,,,,,,
061615_011,Benthosema,R,64,2,37.4945,46.6956,,,,,,,,,
061615_011,Benthosema,R,61,1.90625,35.7193,44.35078125,,,,,,,,,
061615_011,Benthosema,R,66,2.0625,38.6779,48.2588125,,,,,,,,,
061615_011,Benthosema,R,39,1.21875,22.7015,27.15544375,,,,,,,,,
061615_011,Benthosema,R,41,1.28125,23.885,28.71865625,,,,,,,,,
061615_012,Benthosema,R,61,1.90625,35.7193,44.35078125,,,,,,,,,
061615_012,Benthosema,R,58,1.8125,33.9442,42.0059625,,,,,,,,,
061615_012,Benthosema,R,67,2.09375,39.2697,49.04041875,,,,,,,,,
061615_012,Benthosema,R,69,2.15625,40.4531,50.60363125,,,,,,,,,
061615_012,Triphotorus,R,28,0.875,39.0452,49.543975,,,,,,,,,
061615_012,Triphotorus,R,34,1.0625,44.4025,56.9393125,,,,,,,,,
061615_013,Benthosema,L,55,1.71875,32.169,39.66114375,,,,,,,,,
061615_013,Benthosema,L,60,1.875,35.1276,43.569175,,,,,,,,,
061615_013,Triphotorus,R,23,0.71875,34.5808,43.38119375,,,,,,,,,
061615_013,Triphotorus,R,29,0.90625,39.9381,50.77653125,,,,,,,,,
061615_014,Benthosema,L,59,1.84375,34.5359,42.78756875,,,,,,,,,
061615_014,Benthosema,L,65,2.03125,38.0862,47.47720625,,,,,,,,,
061615_014,Benthosema,L,64,2,37.4945,46.6956,,,,,,,,,
061615_014,Triphotorus,L,32,1,42.6167,54.4742,,,,,,,,,
061615_015,Benthosema,R,62,1.9375,36.3111,45.1323875,,,,,,,,,
061615_015,Benthosema,R,59,1.84375,34.5359,42.78756875,,,,,,,,,
061615_015,Benthosema,R,39,1.21875,22.7015,27.15544375,,,,,,,,,
061615_015,Triphotorus,R,33,1.03125,43.5096,55.70675625,,,,,,,,,
061615_015,Triphotorus,R,31,0.96875,41.7238,53.24164375,,,,,,,,,
061615_016,Benthosema,L,62,1.9375,36.3111,45.1323875,,,,,,,,,
061615_016,Benthosema,L,59,1.84375,34.5359,42.78756875,,,,,,,,,
061615_016,Benthosema,L,65,2.03125,38.0862,47.47720625,,,,,,,,,
061615_016,Benthosema,L,59,1.84375,34.5359,42.78756875,,,,,,,,,
061615_016,Triphotorus,L,35,1.09375,45.2953,58.17186875,,,,,,,,,
061615_017,Benthosema,L,34,1.0625,19.7429,23.2474125,,,,,,,,,
061615_017,Benthosema,L,55,1.71875,32.169,39.66114375,,,,,,,,,
061615_017,Benthosema,L,60,1.875,35.1276,43.569175,,,,,,,,,
061615_017,Benthosema,L,53,1.65625,30.9856,38.09793125,,,,,,,,,
061615_017,Benthosema,L,70,2.1875,41.0448,51.3852375,,,,,,,,,
061615_017,Benthosema,L,66,2.0625,38.6779,48.2588125,,,,,,,,,
061615_017,Benthosema,L,66,2.0625,38.6779,48.2588125,,,,,,,,,
061615_017,Triphotorus,L,29,0.90625,39.9381,50.77653125,,,,,,,,,
061615_018,Benthosema,L,71,2.21875,41.6365,52.16684375,,,,,,,,,
061615_018,Benthosema,L,58,1.8125,33.9442,42.0059625,,,,,,,,,
061615_019,Benthosema,R,62,1.9375,36.3111,45.1323875,,,,,,,,,
061615_019,Benthosema,R,58,1.8125,33.9442,42.0059625,,,,,,,,,
061615_019,Benthosema,R,55,1.71875,32.169,39.66114375,,,,,,,,,
061615_020,Benthosema,L,71,2.21875,41.6365,52.16684375,,,,,,,,,
061615_020,Benthosema,L,59,1.84375,34.5359,42.78756875,,,,,,,,,
061615_020,Benthosema,L,61,1.90625,35.7193,44.35078125,,,,,,,,,
061615_020,Benthosema,L,61,1.90625,35.7193,44.35078125,,,,,,,,,
061615_020,Benthosema,L,57,1.78125,33.3525,41.22435625,,,,,,,,,
061615_022,Benthosema,R,60,1.875,35.1276,43.569175,,,,,,,,,
061615_022,Benthosema,L,67,2.09375,39.2697,49.04041875,,,,,,,,,
061615_022,Benthosema,L,62,1.9375,36.3111,45.1323875,,,,,,,,,
061615_022,Benthosema,L,56,1.75,32.7608,40.44275,,,,,,,,,
061615_022,Benthosema,L,61,1.90625,35.7193,44.35078125,,,,,,,,,
061615_022,Benthosema,L,67,2.09375,39.2697,49.04041875,,,,,,,,,
061615_022,Triphotorus,L,31,0.96875,41.7238,53.24164375,,,,,,,,,
061615_023,Benthosema,L,61,1.90625,35.7193,44.35078125,,,,,,,,,
061615_023,Benthosema,L,65,2.03125,38.0862,47.47720625,,,,,,,,,
061615_023,Benthosema,L,68,2.125,39.8614,49.822025,,,,,,,,,
061615_023,Benthosema,L,58,1.8125,33.9442,42.0059625,,,,,,,,,
061615_023,Benthosema,L,64,2,37.4945,46.6956,,,,,,,,,
061615_023,Benthosema,L,58,1.8125,33.9442,42.0059625,,,,,,,,,
061615_023,Benthosema,L,56,1.75,32.7608,40.44275,,,,,,,,,
061615_026,Benthosema,L,70,2.1875,41.0448,51.3852375,,,,,,,,,
061615_026,Benthosema,L,62,1.9375,36.3111,45.1323875,,,,,,,,,
061615_026,Benthosema,L,66,2.0625,38.6779,48.2588125,,,,,,,,,
061615_026,Benthosema,L,56,1.75,32.7608,40.44275,,,,,,,,,
061615_026,Benthosema,L,60,1.875,35.1276,43.569175,,,,,,,,,
061615_026,Benthosema,L,56,1.75,32.7608,40.44275,,,,,,,,,
061615_026,Benthosema,L,61,1.90625,35.7193,44.35078125,,,,,,,,,
061615_028,Benthosema,L,59,1.84375,34.5359,42.78756875,,,,,,,,,
061615_028,Benthosema,L,64,2,37.4945,46.6956,,,,,,,,,
061615_028,Benthosema,L,56,1.75,32.7608,40.44275,,,,,,,,,
061615_028,Benthosema,L,53,1.65625,30.9856,38.09793125,,,,,,,,,
061615_028,Triphotorus,R,32,1,42.6167,54.4742,,,,,,,,,
061615_029,Benthosema,L,56,1.75,32.7608,40.44275,,,,,,,,,
061615_029,Benthosema,L,60,1.875,35.1276,43.569175,,,,,,,,,
061615_030,Benthosema,L,60,1.875,35.1276,43.569175,,,,,,,,,
061615_030,Benthosema,L,59,1.84375,34.5359,42.78756875,,,,,,,,,
061615_030,Triphotorus,L,31,0.96875,41.7238,53.24164375,,,,,,,,,
061615_031,Benthosema,L,57,1.78125,33.3525,41.22435625,,,,,,,,,
061615_031,Benthosema,L,75,2.34375,44.0034,55.29326875,,,,,,,,,
061615_031,Benthosema,L,58,1.8125,33.9442,42.0059625,,,,,,,,,
061615_031,Benthosema,L,60,1.875,35.1276,43.569175,,,,,,,,,
061615_031,Benthosema,L,61,1.90625,35.7193,44.35078125,,,,,,,,,
061615_031,Benthosema,L,57,1.78125,33.3525,41.22435625,,,,,,,,,
061615_031,Benthosema,L,54,1.6875,31.5773,38.8795375,,,,,,,,,
061615_031,Benthosema,L,63,1.96875,36.9028,45.91399375,,,,,,,,,
061615_032,Benthosema,L,67,2.09375,39.2697,49.04041875,,,,,,,,,
061615_032,Benthosema,L,64,2,37.4945,46.6956,,,,,,,,,
062715_001,Benthosema,L,85,2.073170732,38.8799878,48.52570244,,,,,,,,,
062715_001,Benthosema,L,90,2.195121951,41.18913415,51.57587317,,,,,,,,,
062715_004,Benthosema,L,88,2.146341463,40.26547561,50.35580487,,,,,,,,,
062715_004,Benthosema,L,90,2.195121951,41.18913415,51.57587317,,,,,,,,,
062715_004,Triphotorus,L,23,0.547619047,29.69118095,36.63148093,,,,,,,,,
062915_002,Benthosema,L,76,1.853658537,34.72352439,43.03539513,,,,,,,,,
062915_002,Benthosema,L,73,1.780487805,33.33803659,41.20529269,,,,,,,,,
062915_002,Benthosema,L,65,1.585365854,29.64340244,36.32501952,,,,,,,,,
062915_002,Benthosema,L,88,2.146341463,40.26547561,50.35580487,,,,,,,,,
062915_002,Benthosema,L,79,1.926829268,36.1090122,44.86549755,,,,,,,,,
062915_002,Benthosema,L,81,1.975609756,37.03267073,46.08556585,,,,,,,,,
062915_002,Benthosema,L,83,2.024390244,37.95632927,47.30563415,,,,,,,,,
062915_002,Benthosema,L,71,1.731707317,32.41437805,39.98522439,,,,,,,,,
062915_002,Benthosema,L,90,2.195121951,41.18913415,51.57587317,,,,,,,,,
062915_002,Benthosema,L,68,1.658536585,31.02889024,38.15512194,,,,,,,,,
062915_002,Benthosema,L,82,2,37.4945,46.6956,,,,,,,,,
062915_002,Benthosema,L,95,2.317073171,43.49828049,54.62604391,,,,,,,,,
062915_002,Benthosema,L,71,1.731707317,32.41437805,39.98522439,,,,,,,,,
062915_002,Benthosema,L,77,1.87804878,35.18535366,43.64542926,,,,,,,,,
062915_002,Benthosema,L,75,1.829268293,34.26169512,42.42536097,,,,,,,,,
062915_002,Benthosema,L,75,1.829268293,34.26169512,42.42536097,,,,,,,,,
062915_002,Benthosema,L,72,1.756097561,32.87620732,40.59525854,,,,,,,,,
062915_002,Benthosema,L,75,1.829268293,34.26169512,42.42536097,,,,,,,,,
062915_002,Benthosema,L,79,1.926829268,36.1090122,44.86549755,,,,,,,,,
062915_002,Benthosema,L,72,1.756097561,32.87620732,40.59525854,,,,,,,,,
062915_002,Benthosema,L,73,1.780487805,33.33803659,41.20529269,,,,,,,,,
062915_002,Benthosema,L,82,2,37.4945,46.6956,,,,,,,,,
062915_002,Benthosema,L,85,2.073170732,38.8799878,48.52570245,,,,,,,,,
062915_002,Benthosema,L,78,1.902439024,35.64718293,44.2554634,,,,,,,,,
062915_002,Benthosema,L,81,1.975609756,37.03267073,46.08556585,,,,,,,,,
062915_002,Benthosema,L,76,1.853658537,34.72352439,43.03539513,,,,,,,,,
062915_002,Benthosema,L,81,1.975609756,37.03267073,46.08556585,,,,,,,,,
062915_002,Benthosema,L,78,1.902439024,35.64718293,44.2554634,,,,,,,,,
062915_002,Benthosema,L,75,1.829268293,34.26169512,42.42536097,,,,,,,,,
062915_002,Benthosema,L,77,1.87804878,35.18535366,43.64542926,,,,,,,,,
062915_003,Benthosema,R,76,1.853658536,34.72352439,43.03539511,,,,,,,,,
062915_003,Benthosema,R,79,1.926829268,36.10901219,44.86549755,,,,,,,,,
062915_006,Benthosema,L,85,2.073170732,38.8799878,48.52570245,,,,,,,,,
062915_006,Benthosema,L,89,2.170731707,40.72730487,50.96583902,,,,,,,,,
070315_001,Benthosema,L,66,1.571428571,29.37949999,35.97642856,,,,,,,,,
070315_005,Benthosema,L,77,1.87804878,35.18535366,43.64542926,,,,,,,,,
070315_006,Benthosema,L,76,1.853658537,34.72352439,43.03539512,,,,,,,,,
070315_006,Benthosema,L,82,2,37.4945,46.6956,,,,,,,,,
070315_006,Benthosema,L,76,1.853658537,34.72352439,43.03539513,,,,,,,,,
070315_011,Benthosema,L,82,2,37.4945,46.6956,,,,,,,,,
070315_011,Benthosema,L,76,1.853658537,34.72352439,43.03539513,,,,,,,,,
070315_013,Benthosema,L,72,1.714285714,32.08449999,39.54948571,,,,,,,,,
070315_015,Benthosema,R,77,1.87804878,35.18535366,43.64542926,,,,,,,,,
070315_016,Benthosema,L,84,1.999999999,37.49449998,46.69559997,,,,,,,,,
070315_018,Benthosema,L,70,1.707317073,31.95254878,39.37519024,,,,,,,,,
070315_021,Benthosema,R,72,1.714285714,32.08449999,39.54948571,,,,,,,,,
070315_021,Benthosema,R,50,1.19047619,22.16616666,26.44827618,,,,,,,,,
070315_025,Benthosema,L,78,1.902439024,35.64718292,44.2554634,,,,,,,,,
070315_028,Benthosema,R,82,1.952380952,36.59283332,45.50458094,,,,,,,,,
070315_031,Benthosema,R,76,1.853658537,34.72352439,43.03539513,,,,,,,,,
070315_035,Benthosema,L,58,1.8125,33.9442,42.0059625,,,,,,,,,
070315_035,Benthosema,L,55,1.71875,32.169,39.66114375,,,,,,,,,
070315_035,Benthosema,L,57,1.78125,33.3525,41.22435625,,,,,,,,,
070315_036,Benthosema,L,91,2.166666666,40.65033332,50.86416665,,,,,,,,,
070315_036,Benthosema,L,82,2,37.4945,46.6956,,,,,,,,,
070315_036,Benthosema,L,75,1.829268293,34.26169512,42.42536097,,,,,,,,,
070315_036,Benthosema,L,93,2.268292683,42.57462195,53.40597561,,,,,,,,,
070315_036,Benthosema,L,82,2,37.4945,46.6956,,,,,,,,,
070315_040,Benthosema,L,72,1.714285714,32.08449999,39.54948571,,,,,,,,,
070315_040,Triphotorus,L,23,0.547619047,29.69118095,36.63148093,,,,,,,,,
070315_040,Triphotorus,L,20,0.476190476,27.65030952,33.81420952,,,,,,,,,
070315_040,Triphotorus,L,23,0.56097561,30.07280732,37.1582878,,,,,,,,,
070315_040,Triphotorus,L,20,0.487804878,27.98215854,34.27230244,,,,,,,,,
070315_041,Benthosema,L,76,1.853658537,34.72352439,43.03539513,,,,,,,,,
070315_041,Benthosema,L,43,1.048780488,19.48315854,22.9042683,,,,,,,,,
17E48_001,Triphotorus,R,41,0.77358472,36.14751734,45.54397381,,,,,,,,,
17E48_003,Benthosema,R,40,0.7547168,13.91506261,15.54932377,,,,,,,,,
17E48_003,Triphotorus,R,32,0.60377344,31.29563548,38.84631127,,,,,,,,,
17E48_003,Triphotorus,R,40,0.7547168,35.60841935,44.79978908,,,,,,,,,
17E48_003,Triphotorus,R,33,0.62264136,31.83473347,39.59049599,,,,,,,,,
17E48_003,Triphotorus,R,32,0.60377344,31.29563548,38.84631127,,,,,,,,,
17E48_005,Benthosema,L,45,0.8490564,15.70138293,17.90888924,,,,,,,,,
17E48_008,Benthosema,L,67,1.26415064,23.56119237,28.29097732,,,,,,,,,
17E48_008,Benthosema,L,28,0.52830176,9.627893826,9.88636664,,,,,,,,,
17E48_008,Benthosema,L,46,0.86792432,16.058647,18.38080234,,,,,,,,,
17E48_008,Benthosema,R,37,0.69811304,12.84327041,14.13358449,,,,,,,,,
17E48_006,Benthosema,R,31,0.58490552,10.69968602,11.30210592,,,,,,,,,
17E48_006,Benthosema,R,41,0.77358472,14.27232667,16.02123687,,,,,,,,,
17E48_011,Triphotorus,L,50,0.943396,40.99939919,52.24163635,,,,,,,,,
17E98_019,Benthosema,L,122,2.30188624,43.21071595,54.2461975,,,,,,,,,
CAPEXI_017,Benthosema,R,76,1.809523809,33.88783332,41.9315238,,,,,,,,,
CAPEXI_017,Benthosema,R,81,1.928571428,36.14199999,44.90907141,,,,,,,,,
CAPEXI_017,Benthosema,R,91,2.166666666,40.65033332,50.86416665,,,,,,,,,
CAPEXI_017,Benthosema,R,81,1.928571428,36.14199999,44.90907141,,,,,,,,,
CAPEXI_017,Benthosema,R,87,2.071428571,38.84699998,48.48212856,,,,,,,,,
CAPEXI_0201,Benthosema,L,80,1.951219512,36.57084146,45.47553171,,,,,,,,,
CAPEXI_023,Benthosema,L,83,1.976190475,37.04366665,46.10009045,,,,,,,,,
CAPEXI_023,Triphotorus,L,37,0.880952381,39.21524761,49.77874762,,,,,,,,,
CAPEXI_042,Benthosema,L,71,1.731707317,32.41437805,39.98522439,,,,,,,,,
CAPEXI_042,Benthosema,L,73,1.780487805,33.33803658,41.20529269,,,,,,,,,
CAPEXI_042,Benthosema,L,75,1.829268293,34.26169512,42.42536098,,,,,,,,,
CAPEXI_042,Triphotorus,L,27,0.658536585,32.86033902,41.00626828,,,,,,,,,
CAPEXI_043,Benthosema,L,82,1.975903614,37.03823494,46.09291565,,,,,,,,,
CAPEXI_043,Benthosema,L,79,1.903614458,35.66943976,44.28486265,,,,,,,,,
CAPEXI_043,Benthosema,L,75,1.807228916,33.84437951,41.87412531,,,,,,,,,
CAPEXI_043,Benthosema,L,91,2.192771084,41.14462048,51.51707469,,,,,,,,,
CAPEXI_043,Triphotorus,R,26,0.626506024,31.94515542,39.7429253,,,,,,,,,
CAPEXI_045,Benthosema,R,75,1.807228916,33.84437951,41.87412531,,,,,,,,,
CAPEXI_045,Benthosema,R,89,2.144578313,40.23209036,50.31170602,,,,,,,,,
CAPEXI_047,Benthosema,L,98,2.333333332,43.80616665,55.0327333,,,,,,,,,
CAPEXI_047,Benthosema,L,72,1.714285714,32.08449999,39.54948571,,,,,,,,,
CAPEXI_047,Benthosema,L,75,1.785714285,33.43699999,41.33601427,,,,,,,,,
CAPEXI_047,Benthosema,L,84,1.999999999,37.49449998,46.69559997,,,,,,,,,
CAPEXI_047,Benthosema,L,91,2.166666666,40.65033332,50.86416665,,,,,,,,,
CAPEXI_047,Benthosema,L,79,1.88095238,35.24033332,43.71805236,,,,,,,,,
CAPEXI_049,Benthosema,L,86,2.047619047,38.39616665,47.88661903,,,,,,,,,
CAPEXI_059,Benthosema,R,79,1.88095238,35.24033332,43.71805236,,,,,,,,,
CAPEXI_085,Benthosema,R,72,1.714285714,32.08449999,39.54948571,,,,,,,,,
CAPEXI_087,Benthosema,L,82,1.975903614,37.03823494,46.09291565,,,,,,,,,
CAPEXI_090,Benthosema,L,79,1.88095238,35.24033332,43.71805236,,,,,,,,,
CAPEXI_097,Benthosema,R,86,2.097560976,39.34181707,49.1357366,,,,,,,,,
CAPEXI_098,Benthosema,L,35,0.853658537,15.78852439,18.02399512,,,,,,,,,
CAPEXI_098,Benthosema,L,38,0.926829268,17.17401219,19.85409756,,,,,,,,,
CAPEXI_101,Benthosema,L,94,2.292682927,43.03645122,54.01600976,,,,,,,,,
CAPEXI_101,Benthosema,L,90,2.195121951,41.18913415,51.57587317,,,,,,,,,
CAPEXI_102,Benthosema,L,79,1.926829268,36.1090122,44.86549756,,,,,,,,,
CAPEXI_106,Benthosema,L,79,1.926829268,36.1090122,44.86549755,,,,,,,,,
CAPEXI_106,Benthosema,L,80,1.951219512,36.57084146,45.47553171,,,,,,,,,
CAPEXI_106,Benthosema,L,59,1.43902439,26.87242683,32.66481463,,,,,,,,,
CAPEXI_106,Benthosema,L,53,1.292682927,24.10145122,29.00460976,,,,,,,,,
CAPEXI_106,Benthosema,L,37,0.902439024,16.71218293,19.24406341,,,,,,,,,
CAPEXI_107,Benthosema,L,75,1.785714285,33.43699999,41.33601427,,,,,,,,,
CAPEXI_109,Benthosema,L,46,1.12195122,20.86864634,24.73437073,,,,,,,,,
CAPEXI_109,Benthosema,L,35,0.853658537,15.78852439,18.02399512,,,,,,,,,
CAPEXI_109,Benthosema,L,23,0.56097561,10.24657317,10.70358537,,,,,,,,,
CAPEXI_110,Benthosema,L,49,1.166666666,21.71533332,25.85276665,,,,,,,,,
CAPEXI_112,Benthosema,L,29,0.707317073,13.01754878,14.36379024,,,,,,,,,
CAPEXI_112,Benthosema,R,86,2.097560976,39.34181707,49.1357366,,,,,,,,,
CAPEXI_112,Triphotorus,R,28,0.666666666,33.09263333,41.32693331,,,,,,,,,
CAPEXI_115,Benthosema,R,86,2.097560976,39.34181707,49.13573659,,,,,,,,,
CAPEXI_115,Triphotorus,R,18,0.43902439,26.58839268,32.34831219,,,,,,,,,
CAPEXI_117,Benthosema,L,89,2.119047618,39.74866665,49.67314759,,,,,,,,,
CAPEXI_119,Benthosema,R,29,0.698795181,12.85618675,14.15064579,,,,,,,,,
CAPEXI_120,Benthosema,R,77,1.855421687,34.75690964,43.07949398,,,,,,,,,
CAPEXI_120,Triphotorus,R,31,0.746987952,35.38758915,44.49494941,,,,,,,,,
CAPEXI_137,Triphotorus,R,46,1.121951219,46.10111463,59.28417559,,,,,,,,,
CAPEXI_137,Triphotorus,R,30,0.731707317,34.9509878,43.89225366,,,,,,,,,
CAPEXI_137,Triphotorus,R,28,0.682926829,33.55722195,41.9682634,,,,,,,,,
CAPEXI_137,Triphotorus,R,26,0.634146341,32.1634561,40.04427315,,,,,,,,,
CAPEXI_140,Benthosema,L,80,1.927710843,36.12570482,44.88754698,,,,,,,,,
CAPEXI_140,Benthosema,L,100,2.409638554,45.25100602,56.94123373,,,,,,,,,
CAPEXI_140,Benthosema,L,84,2.024096385,37.95076506,47.29828432,,,,,,,,,
CAPEXI_140,Benthosema,L,94,2.265060241,42.51341566,53.32512771,,,,,,,,,
CAPEXI_140,Benthosema,L,81,1.951807229,36.58196988,45.49023133,,,,,,,,,
CAPEXI_140,Benthosema,L,93,2.240963855,42.0571506,52.72244336,,,,,,,,,
CAPEXI_142,Triphotorus,R,13,0.317073171,23.10397805,27.5383366,,,,,,,,,
CAPEXI_142,Triphotorus,R,19,0.463414634,27.28527561,33.31030731,,,,,,,,,
CAPEXI_142,Triphotorus,R,14,0.341463415,23.80086097,28.50033172,,,,,,,,,
CAPEXI_146,Benthosema,L,46,1.4375,26.8436,32.6266875,,,,,,,,,
CAPEXI_146,Benthosema,L,40,1.25,23.2933,27.93705,,,,,,,,,
CAPEXI_146,Triphotorus,L,29,0.90625,39.9381,50.77653125,,,,,,,,,
CAPEXI_146,Triphotorus,L,20,0.625,31.9021,39.683525,,,,,,,,,
CAPEXI_146,Triphotorus,L,21,0.65625,32.795,40.91608125,,,,,,,,,
CAPEXI_146,Triphotorus,L,14,0.4375,26.5448,32.2881875,,,,,,,,,
CAPEXI_147,Benthosema,R,55,1.71875,32.169,39.66114375,,,,,,,,,
CAPEXI_147,Benthosema,R,51,1.59375,29.8022,36.53471875,,,,,,,,,
CAPEXI_150,Benthosema,L,32,1,18.5595,21.6842,,,,,,,,,
CAPEXI_150,Triphotorus,L,16,0.5,28.3306,34.7533,,,,,,,,,
CAPEXI_150,Triphotorus,L,23,0.71875,34.5808,43.38119375,,,,,,,,,
CAPEXI_151,Benthosema,L,69,2.15625,40.4531,50.60363125,,,,,,,,,
CAPEXI_151,Benthosema,L,66,2.0625,38.6779,48.2588125,,,,,,,,,
CAPEXI_151,Benthosema,L,74,2.3125,43.4117,54.5116625,,,,,,,,,
CAPEXI_151,Benthosema,L,73,2.28125,42.82,53.73005625,,,,,,,,,
CAPEXI_151,Triphotorus,L,21,0.65625,32.795,40.91608125,,,,,,,,,
CAPEXI_154,Triphotorus,L,24,0.75,35.4737,44.61375,,,,,,,,,
CAPEXI_156,Triphotorus,L,27,0.84375,38.1523,48.31141875,,,,,,,,,
CAPEXI_158,Benthosema,L,42,1.3125,24.4767,29.5002625,,,,,,,,,
CAPEXI_160,Benthosema,R,55,1.71875,32.169,39.66114375,,,,,,,,,
CAPEXI_160,Benthosema,R,58,1.8125,33.9442,42.0059625,,,,,,,,,
CAPEXI_160,Triphotorus,R,11,0.34375,23.8662,28.59051875,,,,,,,,,
CAPEXI_160,Triphotorus,R,12,0.375,24.7591,29.823075,,,,,,,,,
CAPEXI_160,Triphotorus,R,12,0.375,24.7591,29.823075,,,,,,,,,
CAPEXI_160,Triphotorus,R,15,0.46875,27.4377,33.52074375,,,,,,,,,
CAPEXI_160,Triphotorus,R,21,0.65625,32.795,40.91608125,,,,,,,,,
CAPEXI_160,Triphotorus,R,16,0.5,28.3306,34.7533,,,,,,,,,
CAPEXI_161,Triphotorus,R,19,0.59375,31.0092,38.45096875,,,,,,,,,
CAPEXI_164,Benthosema,L,58,1.8125,33.9442,42.0059625,,,,,,,,,
CAPEXI_164,Triphotorus,L,35,1.09375,45.2953,58.17186875,,,,,,,,,
CAPEXI_167,Benthosema,L,48,1.5,28.027,34.1899,,,,,,,,,
CAPEXI_171,Triphotorus,R,15,0.46875,27.4377,33.52074375,,,,,,,,,
CAPEXI_174,Benthosema,R,69,2.15625,40.4531,50.60363125,,,,,,,,,
CAPEXI_174,Triphotorus,L,29,0.90625,39.9381,50.77653125,,,,,,,,,
CAPEXI_179,Triphotorus,R,25,0.78125,36.3665,45.84630625,,,,,,,,,
CAPEXI_183,Benthosema,L,65,2.03125,38.0862,47.47720625,,,,,,,,,
CAPEXI_184,Triphotorus,R,19,0.59375,31.0092,38.45096875,,,,,,,,,
CAPEXI_184,Triphotorus,R,14,0.4375,26.5448,32.2881875,,,,,,,,,
CAPEXI_185,Triphotorus,L,25,0.78125,36.3665,45.84630625,,,,,,,,,
CAPEXI_188,Benthosema,L,40,0.952380952,17.65783333,20.49318094,,,,,,,,,
CAPEXI_188,Benthosema,L,40,0.975609756,18.09767073,21.07416585,,,,,,,,,
CAPEXI_189,Triphotorus,L,30,0.731707317,34.9509878,43.89225366,,,,,,,,,
CAPEXI_192,Triphotorus,L,29,0.707317073,34.25410488,42.93025854,,,,,,,,,
CAPEXI_197,Benthosema,R,76,1.853658536,34.72352439,43.03539511,,,,,,,,,
CAPEXI_197,Benthosema,R,71,1.731707317,32.41437805,39.98522439,,,,,,,,,
CAPEXI_201,Benthosema,L,80,1.951219512,36.57084146,45.4755317,,,,,,,,,
CAPEXI_202,Benthosema,L,72,1.714285714,32.08449999,39.54948571,,,,,,,,,
CAPEXI_207,Benthosema,L,73,1.780487805,33.33803658,41.20529269,,,,,,,,,
CAPEXII_055,Triphotorus,L,28,0.52830176,29.13924355,35.86957236,,,,,,,,,
CAPEXII_036,Benthosema,R,111,2.09433912,39.28081124,49.05515347,,,,,,,,,
CAPEXII_036,Benthosema,R,87,1.64150904,30.70647367,37.7292392,,,,,,,,,
CAPEXII_036,Benthosema,R,99,1.86792408,34.99364245,43.39219633,,,,,,,,,
CAPEXII_038,Benthosema,L,117,2.20754664,41.42439563,51.88663203,,,,,,,,,
CAPEXII_038,Benthosema,L,132,2.49056544,46.78335661,58.96532845,,,,,,,,,
CAPEXII_040,Benthosema,R,112,2.11320704,39.6380753,49.52706656,,,,,,,,,
CAPEXII_040,Triphotorus,L,42,0.79245264,36.68661532,46.28815854,,,,,,,,,
CAPEXII_043,Benthosema,L,100,1.886792,35.35090652,43.86410943,,,,,,,,,
CAPEXII_045,Benthosema,L,109,2.05660328,38.56628311,48.11132728,,,,,,,,,
CAPEXII_045,Benthosema,L,104,1.96226368,36.77996278,45.75176181,,,,,,,,,
CAPEXII_045,Benthosema,L,100,1.886792,35.35090652,43.86410943,,,,,,,,,
CAPEXII_045,Benthosema,L,101,1.90565992,35.70817059,44.33602252,,,,,,,,,
CAPEXII_046,Benthosema,R,100,1.886792,35.35090652,43.86410943,,,,,,,,,
CAPEXII_046,Benthosema,R,104,1.96226368,36.77996278,45.75176181,,,,,,,,,
CAPEXII_052,Benthosema,L,31,0.58490552,10.69968602,11.30210592,,,,,,,,,
CAPEXII_052,Benthosema,L,24,0.45283008,8.198837565,7.998714263,,,,,,,,,
CAPEXII_052,Benthosema,L,40,0.7547168,13.91506261,15.54932377,,,,,,,,,
CAPEXII_052,Benthosema,L,38,0.71698096,13.20053448,14.60549758,,,,,,,,,
CAPEXII_052,Benthosema,L,39,0.73584888,13.55779854,15.07741068,,,,,,,,,
CAPEXII_052,Benthosema,L,43,0.81132056,14.9868548,16.96506305,,,,,,,,,
CAPEXII_052,Benthosema,L,103,1.94339576,36.42269872,45.27984871,,,,,,,,,
CAPEXII_056,Benthosema,R,113,2.13207496,39.99533937,49.99897965,,,,,,,,,
CAPEXII_056,Benthosema,R,36,0.67924512,12.48600635,13.66167139,,,,,,,,,
CAPEXII_057,Triphotorus,R,34,0.64150928,32.37383145,40.33468072,,,,,,,,,
CAPEXII_057,Triphotorus,R,41,0.77358472,36.14751734,45.54397381,,,,,,,,,
CAPEXII_059,Triphotorus,L,61,1.15094312,46.92947701,60.42766835,,,,,,,,,
CAPEXII_072,Benthosema,R,49,0.92452808,17.13043919,19.79654162,,,,,,,,,
CAPEXII_083,Benthosema,R,99,1.86792408,34.99364245,43.39219633,,,,,,,,,
CAPEXII_083,Benthosema,R,112,2.11320704,39.6380753,49.52706656,,,,,,,,,
CAPEXII_083,Benthosema,R,107,2.01886744,37.85175498,47.16750109,,,,,,,,,
CAPEXII_083,Benthosema,R,63,1.18867896,22.13213611,26.40332494,,,,,,,,,
CAPEXII_085,Benthosema,R,121,2.28301832,42.85345189,53.77428441,,,,,,,,,
CAPEXII_085,Benthosema,R,102,1.92452784,36.06543465,44.80793562,,,,,,,,,
CAPEXII_085,Benthosema,R,85,1.6037732,29.99194554,36.78541301,,,,,,,,,
CAPEXII_090,Triphotorus,R,43,0.81132056,37.2257133,47.03234326,,,,,,,,,
CAPEXI_193,Triphotorus,L,38,0.598425197,31.14282441,38.63536694,,,,,,,,,
CAPEXI_139,Benthosema,R,146,2.299212599,43.16009056,54.179326,,,,,,,,,
CAPEXI_139,Benthosema,R,126,1.984251969,37.19631103,46.3017197,,,,,,,,,
CAPEXI_139,Benthosema,R,131,2.062992127,38.68725592,48.27112127,,,,,,,,,
CAPEXI_139,Benthosema,R,140,2.20472441,41.3709567,51.81604411,,,,,,,,,
CAPEXI_139,Benthosema,R,132,2.078740158,38.98544489,48.66500159,,,,,,,,,
CAPEXI_139,Benthosema,R,139,2.188976379,41.07276773,51.42216379,,,,,,,,,
CAPEXI_139,Triphotorus,R,47,0.740157481,35.19242756,44.22554331,,,,,,,,,
CAPEXI_139,Triphotorus,R,32,0.503937008,28.44308898,34.90858268,,,,,,,,,
CAPEXI_134,Benthosema,R,116,1.826771654,34.21442127,42.36291655,,,,,,,,,
CAPEXI_046,Benthosema,L,110,1.732283465,32.42528741,39.99963466,,,,,,,,,
CAPEXI_046,Benthosema,L,104,1.637795276,30.63615355,37.63635277,,,,,,,,,
CAPEXI_046,Benthosema,L,123,1.937007875,36.3017441,45.12007875,,,,,,,,,
CAPEXI_046,Benthosema,L,113,1.77952756,33.31985434,41.1812756,,,,,,,,,
CAPEXI_051,Benthosema,R,119,1.874015749,35.1089882,43.54455749,,,,,,,,,
CAPEXI_040,Benthosema,R,140,2.20472441,41.3709567,51.81604411,,,,,,,,,
CAPEXI_040,Benthosema,R,112,1.763779528,33.02166536,40.78739529,,,,,,,,,
CAPEXI_034,Benthosema,R,132,2.078740158,38.98544489,48.66500159,,,,,,,,,
061615_024,Benthosema,L,132,2.078740158,38.98544489,48.66500159,,,,,,,,,
061615_024,Benthosema,L,142,2.236220473,41.96733466,52.60380474,,,,,,,,,
061615_024,Benthosema,L,116,1.826771654,34.21442127,42.36291655,,,,,,,,,
061615_024,Benthosema,L,122,1.921259843,36.00355513,44.72619844,,,,,,,,,
061615_024,Benthosema,L,115,1.811023623,33.91623229,41.96903623,,,,,,,,,
061615_024,Benthosema,L,119,1.874015749,35.1089882,43.54455749,,,,,,,,,
061615_024,Triphotorus,R,72,1.133858268,46.4413252,59.75381103,,,,,,,,,
061615_027,Benthosema,L,119,1.874015749,35.1089882,43.54455749,,,,,,,,,
CAPEXII_068,Benthosema,L,77,1.212598426,22.58505119,27.00158426,,,,,,,,,